STN_CODE,Sampling_date,State,Location,Type,SO2,NO2
1,6/9/2021,Gujarat,R S,Product Management,52.3,6.2
2,9/8/2021,Gujarat,R S,Sales,20.4,52.2
3,9/26/2020,Gujarat,R S,Business Development,67.0,62.1
4,2/10/2021,Andhra Pradesh,Agraharam,Marketing,30.2,86.1
5,2/28/2021,Gujarat,R S,Engineering,54.1,65.1
6,3/16/2021,Gujarat,R S,Legal,26.3,19.4
7,7/30/2021,Gujarat,R S,Engineering,90.5,43.0
8,8/21/2021,Gujarat,R S,Support,87.7,17.7
9,6/14/2021,Andhra Pradesh,Agraharam,Services,43.4,47.7
10,8/31/2021,Gujarat,R S,Support,49.4,47.2
11,9/19/2021,Gujarat,R S,Legal,8.9,19.5
12,6/9/2021,Gujarat,R S,Training,64.5,74.3
13,5/31/2021,Andhra Pradesh,Agraharam,Business Development,75.5,26.7
14,7/21/2021,Gujarat,R S,Business Development,98.8,52.2
15,6/28/2021,Gujarat,R S,Marketing,1.1,52.3
16,8/20/2021,Gujarat,R S,Accounting,94.6,14.0
17,6/15/2021,Gujarat,R S,Services,38.1,50.5
18,4/26/2021,Andhra Pradesh,Agraharam,Services,65.4,51.2
19,6/7/2021,Gujarat,R S,Marketing,33.8,84.4
20,5/1/2021,Gujarat,R S,Sales,47.5,90.2
21,10/18/2020,Andhra Pradesh,Agraharam,Training,84.8,42.3
22,10/20/2020,Andhra Pradesh,Agraharam,Marketing,17.8,85.6
23,7/4/2021,Andhra Pradesh,Agraharam,Training,48.1,54.8
24,4/30/2021,Gujarat,R S,Product Management,7.8,36.8
25,5/21/2021,Gujarat,R S,Business Development,82.5,69.1
26,12/22/2020,Andhra Pradesh,Agraharam,Marketing,83.2,22.7
27,12/14/2020,Andhra Pradesh,Agraharam,Marketing,52.3,81.8
28,6/23/2021,Andhra Pradesh,Agraharam,Support,90.0,63.4
29,6/15/2021,Andhra Pradesh,Agraharam,Marketing,90.9,70.7
30,11/10/2020,Andhra Pradesh,Agraharam,Product Management,34.3,56.5
31,3/31/2021,Andhra Pradesh,Agraharam,Legal,11.2,42.2
32,12/23/2020,Andhra Pradesh,Agraharam,Marketing,78.4,64.8
33,7/25/2021,Gujarat,R S,Support,25.8,95.0
34,9/17/2021,Andhra Pradesh,Agraharam,Accounting,54.1,76.9
35,10/8/2020,Gujarat,R S,Product Management,34.3,65.2
36,8/3/2021,Gujarat,R S,Accounting,1.8,68.4
37,2/1/2021,Andhra Pradesh,Agraharam,Training,77.0,50.0
38,5/17/2021,Andhra Pradesh,Agraharam,Marketing,95.7,72.8
39,12/12/2020,Andhra Pradesh,Agraharam,Support,47.2,6.1
40,12/8/2020,Andhra Pradesh,Agraharam,Human Resources,12.5,85.0
41,8/17/2021,Andhra Pradesh,Agraharam,Support,75.3,6.4
42,5/19/2021,Andhra Pradesh,Agraharam,Accounting,78.0,45.7
43,4/27/2021,Gujarat,R S,Accounting,64.5,97.7
44,4/29/2021,Andhra Pradesh,Agraharam,Sales,75.7,27.3
45,10/6/2020,Andhra Pradesh,Agraharam,Engineering,35.1,36.7
46,4/27/2021,Andhra Pradesh,Agraharam,Legal,84.3,58.6
47,10/12/2020,Andhra Pradesh,Agraharam,Research and Development,46.7,8.7
48,5/6/2021,Andhra Pradesh,Agraharam,Sales,29.2,11.6
49,12/8/2020,Andhra Pradesh,Agraharam,Sales,47.6,53.3
50,8/21/2021,Andhra Pradesh,Agraharam,Services,2.3,15.9
51,10/17/2020,Andhra Pradesh,Agraharam,Training,40.4,74.5
52,5/19/2021,Gujarat,R S,Business Development,41.8,87.9
53,8/30/2021,Andhra Pradesh,Agraharam,Services,39.7,63.3
54,10/17/2020,Gujarat,R S,Services,62.5,84.1
55,5/17/2021,Andhra Pradesh,Agraharam,Training,37.7,33.1
56,12/19/2020,Gujarat,R S,Sales,28.3,8.9
57,12/31/2020,Andhra Pradesh,Agraharam,Product Management,90.1,98.3
58,7/7/2021,Andhra Pradesh,Agraharam,Legal,84.8,8.7
59,11/19/2020,Andhra Pradesh,Agraharam,Support,10.0,31.4
60,5/24/2021,Gujarat,R S,Sales,53.3,99.6
61,11/16/2020,Gujarat,R S,Support,6.9,47.4
62,5/17/2021,Andhra Pradesh,Agraharam,Legal,27.0,4.3
63,9/26/2020,Gujarat,R S,Support,16.0,87.2
64,2/28/2021,Gujarat,R S,Services,95.0,83.7
65,10/4/2020,Gujarat,R S,Engineering,93.5,25.9
66,7/18/2021,Gujarat,R S,Support,21.8,79.7
67,5/14/2021,Gujarat,R S,Marketing,98.3,91.3
68,10/5/2020,Andhra Pradesh,Agraharam,Product Management,80.5,51.3
69,3/20/2021,Andhra Pradesh,Agraharam,Training,29.0,40.2
70,4/24/2021,Andhra Pradesh,Agraharam,Legal,20.7,73.8
71,11/4/2020,Andhra Pradesh,Agraharam,Human Resources,10.7,24.0
72,7/8/2021,Andhra Pradesh,Agraharam,Business Development,5.8,92.9
73,6/18/2021,Andhra Pradesh,Agraharam,Engineering,94.9,69.9
74,10/29/2020,Andhra Pradesh,Agraharam,Services,98.5,6.3
75,5/28/2021,Gujarat,R S,Services,91.2,38.6
76,10/20/2020,Andhra Pradesh,Agraharam,Support,6.3,69.2
77,2/24/2021,Gujarat,R S,Engineering,47.3,37.3
78,8/30/2021,Andhra Pradesh,Agraharam,Services,19.8,15.2
79,6/24/2021,Andhra Pradesh,Agraharam,Marketing,95.9,17.7
80,9/28/2020,Andhra Pradesh,Agraharam,Business Development,31.0,7.9
81,12/19/2020,Gujarat,R S,Accounting,70.0,45.2
82,11/19/2020,Gujarat,R S,Training,3.8,76.3
83,5/2/2021,Gujarat,R S,Support,5.6,75.4
84,9/15/2021,Andhra Pradesh,Agraharam,Services,71.6,86.7
85,10/5/2020,Gujarat,R S,Product Management,28.8,34.6
86,8/24/2021,Gujarat,R S,Business Development,63.4,49.6
87,4/21/2021,Gujarat,R S,Marketing,49.2,26.5
88,11/4/2020,Andhra Pradesh,Agraharam,Business Development,43.4,37.7
89,2/21/2021,Gujarat,R S,Services,35.6,75.6
90,10/10/2020,Andhra Pradesh,Agraharam,Sales,62.6,77.4
91,9/12/2021,Andhra Pradesh,Agraharam,Business Development,23.0,16.8
92,6/23/2021,Gujarat,R S,Legal,79.5,29.6
93,8/25/2021,Gujarat,R S,Accounting,75.9,80.7
94,10/9/2020,Andhra Pradesh,Agraharam,Services,10.5,10.8
95,1/23/2021,Andhra Pradesh,Agraharam,Legal,95.8,40.5
96,7/24/2021,Andhra Pradesh,Agraharam,Research and Development,90.1,24.0
97,2/1/2021,Gujarat,R S,Human Resources,71.9,48.8
98,4/28/2021,Andhra Pradesh,Agraharam,Legal,39.4,97.6
99,6/23/2021,Gujarat,R S,Marketing,80.7,25.8
100,6/19/2021,Andhra Pradesh,Agraharam,Engineering,33.9,67.8
101,1/3/2021,Andhra Pradesh,Agraharam,Engineering,64.3,53.0
102,6/27/2021,Andhra Pradesh,Agraharam,Product Management,95.2,62.9
103,4/2/2021,Gujarat,R S,Marketing,61.0,75.9
104,4/27/2021,Gujarat,R S,Training,64.9,93.6
105,8/25/2021,Gujarat,R S,Legal,10.5,80.5
106,10/26/2020,Andhra Pradesh,Agraharam,Training,74.7,54.8
107,11/13/2020,Gujarat,R S,Training,91.0,85.8
108,6/25/2021,Andhra Pradesh,Agraharam,Research and Development,68.6,6.6
109,2/19/2021,Andhra Pradesh,Agraharam,Training,79.9,70.2
110,8/17/2021,Gujarat,R S,Training,70.3,29.4
111,7/7/2021,Gujarat,R S,Business Development,52.9,1.2
112,10/21/2020,Andhra Pradesh,Agraharam,Support,90.6,78.2
113,5/26/2021,Gujarat,R S,Human Resources,67.2,17.0
114,12/24/2020,Gujarat,R S,Marketing,21.5,58.0
115,8/3/2021,Gujarat,R S,Services,67.0,20.7
116,12/15/2020,Gujarat,R S,Human Resources,84.6,16.9
117,7/17/2021,Andhra Pradesh,Agraharam,Services,88.4,49.0
118,12/21/2020,Andhra Pradesh,Agraharam,Legal,34.3,21.7
119,3/8/2021,Andhra Pradesh,Agraharam,Research and Development,49.2,87.4
120,3/14/2021,Andhra Pradesh,Agraharam,Marketing,20.7,13.7
121,7/15/2021,Andhra Pradesh,Agraharam,Support,31.2,39.3
122,9/3/2021,Gujarat,R S,Engineering,64.1,11.9
123,9/18/2021,Andhra Pradesh,Agraharam,Legal,94.3,14.0
124,11/4/2020,Andhra Pradesh,Agraharam,Engineering,19.7,2.6
125,11/24/2020,Gujarat,R S,Product Management,10.1,27.5
126,3/16/2021,Gujarat,R S,Business Development,59.5,24.5
127,10/6/2020,Gujarat,R S,Support,68.9,48.0
128,3/24/2021,Andhra Pradesh,Agraharam,Business Development,92.3,99.1
129,8/25/2021,Andhra Pradesh,Agraharam,Marketing,83.7,20.5
130,1/22/2021,Andhra Pradesh,Agraharam,Services,55.3,87.9
131,8/15/2021,Gujarat,R S,Engineering,68.0,40.5
132,6/30/2021,Gujarat,R S,Engineering,30.4,78.1
133,6/29/2021,Gujarat,R S,Training,36.1,88.2
134,8/18/2021,Andhra Pradesh,Agraharam,Support,6.3,13.2
135,4/7/2021,Gujarat,R S,Human Resources,71.2,65.5
136,1/26/2021,Andhra Pradesh,Agraharam,Training,35.9,12.3
137,4/19/2021,Andhra Pradesh,Agraharam,Marketing,38.0,85.7
138,10/15/2020,Andhra Pradesh,Agraharam,Support,31.7,23.9
139,8/24/2021,Andhra Pradesh,Agraharam,Engineering,84.8,25.4
140,2/26/2021,Gujarat,R S,Legal,32.1,60.3
141,7/22/2021,Andhra Pradesh,Agraharam,Research and Development,63.8,25.5
142,9/12/2021,Andhra Pradesh,Agraharam,Legal,60.7,21.2
143,10/14/2020,Andhra Pradesh,Agraharam,Product Management,52.3,59.2
144,3/27/2021,Gujarat,R S,Business Development,66.2,96.5
145,9/29/2020,Andhra Pradesh,Agraharam,Engineering,18.2,9.9
146,6/23/2021,Andhra Pradesh,Agraharam,Support,35.3,41.1
147,2/10/2021,Andhra Pradesh,Agraharam,Training,8.9,27.1
148,1/17/2021,Andhra Pradesh,Agraharam,Engineering,49.5,7.6
149,5/4/2021,Gujarat,R S,Training,55.1,27.0
150,10/6/2020,Andhra Pradesh,Agraharam,Engineering,27.6,3.2
151,8/11/2021,Gujarat,R S,Training,52.3,99.3
152,1/27/2021,Andhra Pradesh,Agraharam,Support,96.4,18.4
153,3/24/2021,Andhra Pradesh,Agraharam,Engineering,95.0,44.0
154,7/10/2021,Gujarat,R S,Business Development,89.4,91.9
155,12/25/2020,Gujarat,R S,Legal,65.5,83.3
156,6/27/2021,Gujarat,R S,Human Resources,16.7,63.4
157,9/9/2021,Andhra Pradesh,Agraharam,Business Development,60.0,94.1
158,12/29/2020,Gujarat,R S,Human Resources,72.8,24.9
159,6/6/2021,Gujarat,R S,Legal,4.7,100.0
160,7/3/2021,Gujarat,R S,Accounting,33.3,28.9
161,4/2/2021,Gujarat,R S,Marketing,8.8,26.5
162,8/21/2021,Gujarat,R S,Legal,78.3,46.4
163,5/16/2021,Gujarat,R S,Business Development,5.2,31.5
164,12/1/2020,Gujarat,R S,Legal,28.1,7.7
165,5/3/2021,Gujarat,R S,Services,69.5,17.7
166,2/8/2021,Gujarat,R S,Engineering,5.4,44.7
167,9/12/2021,Gujarat,R S,Legal,48.9,3.2
168,8/27/2021,Gujarat,R S,Accounting,20.0,28.0
169,12/21/2020,Gujarat,R S,Legal,94.6,95.1
170,4/15/2021,Andhra Pradesh,Agraharam,Human Resources,47.7,69.8
171,11/18/2020,Andhra Pradesh,Agraharam,Support,3.3,15.0
172,3/4/2021,Andhra Pradesh,Agraharam,Marketing,19.8,48.3
173,11/13/2020,Gujarat,R S,Engineering,81.9,45.3
174,4/25/2021,Andhra Pradesh,Agraharam,Human Resources,99.3,64.8
175,4/30/2021,Andhra Pradesh,Agraharam,Sales,12.6,20.3
176,8/5/2021,Andhra Pradesh,Agraharam,Engineering,88.4,11.2
177,2/21/2021,Gujarat,R S,Business Development,37.0,14.7
178,4/21/2021,Andhra Pradesh,Agraharam,Research and Development,24.6,95.3
179,3/19/2021,Andhra Pradesh,Agraharam,Sales,51.3,52.1
180,4/7/2021,Gujarat,R S,Product Management,5.4,28.0
181,10/21/2020,Gujarat,R S,Product Management,19.6,66.6
182,9/14/2021,Andhra Pradesh,Agraharam,Training,6.2,51.2
183,1/5/2021,Andhra Pradesh,Agraharam,Marketing,42.3,79.2
184,6/18/2021,Gujarat,R S,Human Resources,96.8,99.7
185,4/22/2021,Gujarat,R S,Accounting,95.6,13.8
186,12/9/2020,Andhra Pradesh,Agraharam,Marketing,64.5,45.6
187,1/11/2021,Andhra Pradesh,Agraharam,Marketing,58.3,86.6
188,2/26/2021,Gujarat,R S,Marketing,27.9,53.8
189,1/18/2021,Gujarat,R S,Engineering,43.1,9.2
190,11/3/2020,Andhra Pradesh,Agraharam,Services,9.3,5.6
191,1/12/2021,Andhra Pradesh,Agraharam,Business Development,1.9,94.7
192,8/8/2021,Andhra Pradesh,Agraharam,Product Management,31.7,61.0
193,8/9/2021,Gujarat,R S,Marketing,26.8,30.7
194,8/8/2021,Andhra Pradesh,Agraharam,Sales,25.4,33.6
195,1/25/2021,Andhra Pradesh,Agraharam,Engineering,96.2,32.2
196,9/22/2020,Andhra Pradesh,Agraharam,Legal,11.9,99.0
197,4/21/2021,Gujarat,R S,Engineering,39.9,9.8
198,5/13/2021,Andhra Pradesh,Agraharam,Sales,65.7,43.6
199,6/12/2021,Gujarat,R S,Legal,16.1,36.2
200,7/6/2021,Andhra Pradesh,Agraharam,Training,25.4,81.3
201,5/24/2021,Andhra Pradesh,Agraharam,Marketing,14.5,24.1
202,12/31/2020,Andhra Pradesh,Agraharam,Support,99.6,80.7
203,4/9/2021,Andhra Pradesh,Agraharam,Human Resources,98.6,23.1
204,8/27/2021,Gujarat,R S,Engineering,95.4,56.8
205,3/24/2021,Andhra Pradesh,Agraharam,Marketing,60.6,3.0
206,6/27/2021,Andhra Pradesh,Agraharam,Product Management,26.9,6.3
207,9/12/2021,Gujarat,R S,Services,73.1,22.5
208,11/14/2020,Andhra Pradesh,Agraharam,Research and Development,62.2,26.9
209,3/8/2021,Andhra Pradesh,Agraharam,Engineering,52.9,91.8
210,4/14/2021,Andhra Pradesh,Agraharam,Marketing,91.8,75.0
211,8/8/2021,Andhra Pradesh,Agraharam,Support,88.0,46.4
212,1/6/2021,Andhra Pradesh,Agraharam,Sales,77.8,62.7
213,1/31/2021,Andhra Pradesh,Agraharam,Legal,70.1,55.3
214,6/28/2021,Gujarat,R S,Human Resources,53.9,95.3
215,5/18/2021,Gujarat,R S,Legal,11.3,67.6
216,5/12/2021,Gujarat,R S,Human Resources,76.4,67.4
217,6/29/2021,Andhra Pradesh,Agraharam,Product Management,10.0,80.3
218,7/28/2021,Andhra Pradesh,Agraharam,Accounting,73.6,54.8
219,8/31/2021,Andhra Pradesh,Agraharam,Services,82.1,64.4
220,9/2/2021,Gujarat,R S,Services,95.5,99.3
221,12/10/2020,Gujarat,R S,Business Development,82.1,66.5
222,5/15/2021,Gujarat,R S,Sales,82.6,42.6
223,1/3/2021,Andhra Pradesh,Agraharam,Human Resources,36.9,75.6
224,9/12/2021,Andhra Pradesh,Agraharam,Research and Development,30.0,68.6
225,3/8/2021,Andhra Pradesh,Agraharam,Accounting,86.8,66.3
226,3/2/2021,Andhra Pradesh,Agraharam,Training,78.8,42.5
227,6/16/2021,Andhra Pradesh,Agraharam,Support,68.9,27.4
228,2/21/2021,Andhra Pradesh,Agraharam,Training,14.1,57.7
229,6/17/2021,Gujarat,R S,Research and Development,87.5,65.5
230,4/25/2021,Gujarat,R S,Services,40.8,14.3
231,5/20/2021,Andhra Pradesh,Agraharam,Training,49.7,20.4
232,8/16/2021,Andhra Pradesh,Agraharam,Product Management,86.3,76.0
233,12/10/2020,Gujarat,R S,Product Management,22.3,17.9
234,10/31/2020,Andhra Pradesh,Agraharam,Business Development,73.0,10.3
235,9/12/2021,Andhra Pradesh,Agraharam,Training,37.2,58.9
236,7/22/2021,Andhra Pradesh,Agraharam,Legal,96.6,46.3
237,4/3/2021,Gujarat,R S,Sales,94.4,60.3
238,7/20/2021,Gujarat,R S,Sales,26.7,71.7
239,1/9/2021,Gujarat,R S,Sales,39.3,66.8
240,2/23/2021,Andhra Pradesh,Agraharam,Training,5.6,10.0
241,7/17/2021,Andhra Pradesh,Agraharam,Product Management,91.6,13.9
242,10/7/2020,Andhra Pradesh,Agraharam,Legal,67.1,52.6
243,4/15/2021,Gujarat,R S,Accounting,3.6,97.6
244,4/22/2021,Andhra Pradesh,Agraharam,Business Development,50.6,58.6
245,5/1/2021,Gujarat,R S,Engineering,49.3,86.6
246,9/6/2021,Gujarat,R S,Product Management,39.4,56.2
247,1/19/2021,Andhra Pradesh,Agraharam,Services,42.2,91.5
248,10/19/2020,Andhra Pradesh,Agraharam,Legal,43.4,47.0
249,5/16/2021,Andhra Pradesh,Agraharam,Training,25.4,2.0
250,6/9/2021,Andhra Pradesh,Agraharam,Marketing,24.2,4.5
251,7/14/2021,Gujarat,R S,Training,38.7,53.5
252,11/2/2020,Gujarat,R S,Research and Development,35.2,55.6
253,9/27/2020,Gujarat,R S,Human Resources,56.6,42.5
254,3/31/2021,Gujarat,R S,Legal,94.4,69.2
255,8/12/2021,Gujarat,R S,Accounting,38.7,35.4
256,3/28/2021,Gujarat,R S,Support,73.5,55.8
257,7/15/2021,Gujarat,R S,Training,94.7,8.6
258,4/15/2021,Andhra Pradesh,Agraharam,Product Management,42.5,23.1
259,1/27/2021,Andhra Pradesh,Agraharam,Accounting,45.5,9.7
260,9/21/2020,Gujarat,R S,Research and Development,37.7,13.3
261,4/22/2021,Gujarat,R S,Marketing,67.7,14.4
262,12/22/2020,Gujarat,R S,Business Development,1.4,90.4
263,5/26/2021,Andhra Pradesh,Agraharam,Services,78.1,96.0
264,7/20/2021,Andhra Pradesh,Agraharam,Services,68.3,85.0
265,5/31/2021,Andhra Pradesh,Agraharam,Research and Development,41.9,24.3
266,7/29/2021,Andhra Pradesh,Agraharam,Human Resources,15.6,17.7
267,3/5/2021,Gujarat,R S,Marketing,51.0,78.7
268,2/22/2021,Gujarat,R S,Services,5.5,81.6
269,6/11/2021,Gujarat,R S,Sales,41.9,35.6
270,6/24/2021,Andhra Pradesh,Agraharam,Accounting,30.7,7.3
271,6/26/2021,Andhra Pradesh,Agraharam,Training,90.1,41.5
272,5/12/2021,Andhra Pradesh,Agraharam,Human Resources,15.6,43.7
273,5/21/2021,Andhra Pradesh,Agraharam,Sales,70.5,75.3
274,2/14/2021,Gujarat,R S,Training,40.1,42.4
275,5/29/2021,Andhra Pradesh,Agraharam,Product Management,19.5,11.4
276,2/24/2021,Gujarat,R S,Product Management,60.5,72.8
277,5/15/2021,Andhra Pradesh,Agraharam,Accounting,95.0,84.7
278,5/13/2021,Gujarat,R S,Support,60.1,32.7
279,9/12/2021,Gujarat,R S,Training,43.0,50.6
280,9/24/2020,Andhra Pradesh,Agraharam,Marketing,26.0,36.7
281,6/25/2021,Gujarat,R S,Marketing,12.1,35.0
282,3/5/2021,Andhra Pradesh,Agraharam,Legal,38.8,32.1
283,4/3/2021,Andhra Pradesh,Agraharam,Marketing,45.2,95.5
284,12/24/2020,Gujarat,R S,Marketing,93.1,26.3
285,5/29/2021,Andhra Pradesh,Agraharam,Product Management,34.6,83.2
286,3/31/2021,Gujarat,R S,Training,39.1,40.9
287,2/25/2021,Andhra Pradesh,Agraharam,Accounting,3.9,64.4
288,3/17/2021,Andhra Pradesh,Agraharam,Marketing,6.1,6.6
289,12/17/2020,Andhra Pradesh,Agraharam,Engineering,35.4,65.2
290,5/7/2021,Gujarat,R S,Product Management,61.9,53.5
291,3/7/2021,Gujarat,R S,Engineering,46.1,28.8
292,8/7/2021,Andhra Pradesh,Agraharam,Human Resources,95.3,87.4
293,11/10/2020,Gujarat,R S,Human Resources,74.2,88.6
294,5/13/2021,Gujarat,R S,Business Development,76.7,27.1
295,7/5/2021,Gujarat,R S,Sales,43.9,64.6
296,8/21/2021,Gujarat,R S,Legal,22.6,65.1
297,1/21/2021,Andhra Pradesh,Agraharam,Sales,68.6,11.7
298,9/18/2021,Gujarat,R S,Marketing,54.6,11.8
299,6/25/2021,Andhra Pradesh,Agraharam,Legal,88.2,76.1
300,6/11/2021,Gujarat,R S,Legal,39.1,49.0
301,9/7/2021,Gujarat,R S,Sales,30.5,34.1
302,5/1/2021,Gujarat,R S,Business Development,48.3,76.8
303,11/3/2020,Andhra Pradesh,Agraharam,Training,71.0,98.6
304,9/12/2021,Andhra Pradesh,Agraharam,Research and Development,97.7,37.6
305,1/31/2021,Gujarat,R S,Marketing,55.6,13.3
306,5/12/2021,Andhra Pradesh,Agraharam,Accounting,99.1,91.3
307,4/4/2021,Andhra Pradesh,Agraharam,Engineering,45.6,21.7
308,4/19/2021,Gujarat,R S,Marketing,5.4,37.9
309,2/1/2021,Gujarat,R S,Accounting,64.1,56.6
310,4/2/2021,Gujarat,R S,Services,63.9,72.3
311,10/25/2020,Andhra Pradesh,Agraharam,Business Development,40.2,72.9
312,5/5/2021,Andhra Pradesh,Agraharam,Support,24.1,82.7
313,12/14/2020,Andhra Pradesh,Agraharam,Services,63.4,63.6
314,7/22/2021,Gujarat,R S,Training,53.3,8.4
315,4/1/2021,Andhra Pradesh,Agraharam,Training,37.5,87.5
316,7/12/2021,Gujarat,R S,Training,50.8,75.1
317,1/6/2021,Andhra Pradesh,Agraharam,Business Development,14.8,76.6
318,11/25/2020,Andhra Pradesh,Agraharam,Support,13.9,2.6
319,2/22/2021,Gujarat,R S,Accounting,32.1,60.9
320,8/18/2021,Andhra Pradesh,Agraharam,Business Development,66.4,99.5
321,8/21/2021,Andhra Pradesh,Agraharam,Human Resources,3.1,27.6
322,4/4/2021,Gujarat,R S,Marketing,26.9,86.1
323,9/27/2020,Gujarat,R S,Research and Development,87.4,4.1
324,10/24/2020,Andhra Pradesh,Agraharam,Accounting,74.8,42.7
325,10/18/2020,Andhra Pradesh,Agraharam,Marketing,71.6,10.0
326,8/29/2021,Gujarat,R S,Business Development,29.0,37.0
327,11/22/2020,Andhra Pradesh,Agraharam,Human Resources,13.9,64.0
328,10/15/2020,Gujarat,R S,Accounting,30.6,64.0
329,3/31/2021,Andhra Pradesh,Agraharam,Marketing,65.1,62.1
330,10/31/2020,Andhra Pradesh,Agraharam,Accounting,42.7,34.8
331,9/21/2020,Gujarat,R S,Training,64.3,78.1
332,4/22/2021,Andhra Pradesh,Agraharam,Training,49.3,33.7
333,2/8/2021,Gujarat,R S,Research and Development,75.5,60.4
334,8/11/2021,Gujarat,R S,Marketing,80.7,40.5
335,3/26/2021,Andhra Pradesh,Agraharam,Training,29.1,97.1
336,9/22/2020,Gujarat,R S,Human Resources,66.0,89.8
337,6/16/2021,Andhra Pradesh,Agraharam,Marketing,16.2,96.7
338,3/5/2021,Gujarat,R S,Training,67.4,43.2
339,8/16/2021,Gujarat,R S,Training,81.1,98.9
340,2/6/2021,Andhra Pradesh,Agraharam,Human Resources,89.5,26.2
341,4/18/2021,Andhra Pradesh,Agraharam,Sales,79.0,78.2
342,1/18/2021,Andhra Pradesh,Agraharam,Marketing,15.1,22.1
343,4/12/2021,Gujarat,R S,Business Development,42.0,26.5
344,11/11/2020,Andhra Pradesh,Agraharam,Engineering,21.6,39.6
345,8/12/2021,Gujarat,R S,Sales,36.4,46.3
346,4/1/2021,Gujarat,R S,Business Development,78.2,71.2
347,2/12/2021,Andhra Pradesh,Agraharam,Product Management,14.0,44.9
348,12/27/2020,Gujarat,R S,Engineering,29.5,8.6
349,1/19/2021,Andhra Pradesh,Agraharam,Support,9.7,24.5
350,2/24/2021,Gujarat,R S,Training,13.4,37.1
351,12/8/2020,Gujarat,R S,Support,26.1,72.1
352,7/28/2021,Gujarat,R S,Sales,12.5,19.3
353,6/14/2021,Gujarat,R S,Research and Development,64.6,69.4
354,10/7/2020,Andhra Pradesh,Agraharam,Engineering,21.4,52.1
355,7/25/2021,Gujarat,R S,Services,98.0,78.1
356,1/14/2021,Andhra Pradesh,Agraharam,Sales,8.2,87.7
357,12/1/2020,Andhra Pradesh,Agraharam,Marketing,65.6,84.6
358,8/11/2021,Gujarat,R S,Research and Development,92.2,6.8
359,10/19/2020,Andhra Pradesh,Agraharam,Sales,64.4,42.4
360,9/29/2020,Andhra Pradesh,Agraharam,Marketing,41.4,13.7
361,7/4/2021,Gujarat,R S,Marketing,51.6,80.6
362,7/12/2021,Andhra Pradesh,Agraharam,Business Development,66.8,2.3
363,6/7/2021,Andhra Pradesh,Agraharam,Support,8.7,23.7
364,5/20/2021,Andhra Pradesh,Agraharam,Accounting,96.4,90.7
365,5/17/2021,Andhra Pradesh,Agraharam,Support,23.7,43.1
366,2/23/2021,Andhra Pradesh,Agraharam,Human Resources,92.1,7.3
367,4/8/2021,Gujarat,R S,Accounting,35.7,26.6
368,1/15/2021,Gujarat,R S,Services,89.6,18.9
369,9/20/2021,Gujarat,R S,Engineering,3.6,8.9
370,3/3/2021,Gujarat,R S,Marketing,74.9,50.7
371,3/4/2021,Andhra Pradesh,Agraharam,Research and Development,77.2,45.0
372,2/13/2021,Andhra Pradesh,Agraharam,Engineering,44.8,32.5
373,3/2/2021,Gujarat,R S,Accounting,97.2,97.7
374,11/25/2020,Andhra Pradesh,Agraharam,Legal,48.9,7.0
375,9/10/2021,Gujarat,R S,Human Resources,41.4,87.7
376,10/24/2020,Andhra Pradesh,Agraharam,Legal,51.6,80.7
377,7/3/2021,Gujarat,R S,Legal,63.9,88.4
378,3/15/2021,Andhra Pradesh,Agraharam,Product Management,26.2,3.8
379,12/8/2020,Gujarat,R S,Research and Development,36.2,88.0
380,12/23/2020,Andhra Pradesh,Agraharam,Sales,72.6,31.1
381,3/9/2021,Gujarat,R S,Training,54.0,17.0
382,12/1/2020,Andhra Pradesh,Agraharam,Research and Development,44.7,35.4
383,12/30/2020,Gujarat,R S,Services,76.1,40.3
384,9/4/2021,Andhra Pradesh,Agraharam,Accounting,93.3,41.0
385,2/10/2021,Gujarat,R S,Training,92.5,48.7
386,12/18/2020,Gujarat,R S,Marketing,46.2,22.1
387,1/21/2021,Gujarat,R S,Research and Development,71.0,71.0
388,10/1/2020,Gujarat,R S,Research and Development,44.7,16.2
389,10/29/2020,Andhra Pradesh,Agraharam,Product Management,47.2,53.9
390,4/9/2021,Gujarat,R S,Legal,76.4,53.2
391,2/21/2021,Andhra Pradesh,Agraharam,Research and Development,41.6,83.6
392,8/10/2021,Gujarat,R S,Engineering,33.5,97.8
393,8/10/2021,Gujarat,R S,Accounting,32.6,18.7
394,3/27/2021,Gujarat,R S,Support,88.6,75.3
395,2/25/2021,Andhra Pradesh,Agraharam,Sales,37.9,74.8
396,2/21/2021,Andhra Pradesh,Agraharam,Research and Development,67.2,2.7
397,10/17/2020,Gujarat,R S,Training,78.2,90.0
398,7/31/2021,Gujarat,R S,Accounting,70.6,58.1
399,10/3/2020,Andhra Pradesh,Agraharam,Research and Development,84.6,46.9
400,4/8/2021,Gujarat,R S,Business Development,27.4,65.5
401,8/9/2021,Gujarat,R S,Services,61.2,35.2
402,10/24/2020,Andhra Pradesh,Agraharam,Human Resources,41.6,29.7
403,7/12/2021,Gujarat,R S,Marketing,72.5,94.8
404,1/4/2021,Andhra Pradesh,Agraharam,Legal,6.5,83.9
405,12/6/2020,Gujarat,R S,Human Resources,77.0,57.5
406,5/19/2021,Gujarat,R S,Human Resources,11.1,37.4
407,11/17/2020,Andhra Pradesh,Agraharam,Marketing,15.3,7.5
408,9/18/2021,Gujarat,R S,Research and Development,61.7,91.5
409,1/11/2021,Andhra Pradesh,Agraharam,Training,12.6,84.2
410,12/8/2020,Andhra Pradesh,Agraharam,Sales,76.9,74.4
411,9/12/2021,Andhra Pradesh,Agraharam,Marketing,87.4,30.2
412,8/12/2021,Gujarat,R S,Marketing,69.9,88.8
413,9/25/2020,Gujarat,R S,Legal,30.5,32.4
414,10/19/2020,Gujarat,R S,Support,24.0,29.2
415,2/28/2021,Andhra Pradesh,Agraharam,Business Development,29.9,3.2
416,4/17/2021,Gujarat,R S,Research and Development,4.3,47.2
417,6/22/2021,Gujarat,R S,Training,90.9,94.1
418,9/19/2021,Andhra Pradesh,Agraharam,Business Development,85.9,90.5
419,3/22/2021,Gujarat,R S,Marketing,98.7,84.3
420,9/24/2020,Andhra Pradesh,Agraharam,Services,68.8,64.2
421,7/13/2021,Gujarat,R S,Research and Development,91.8,52.2
422,3/26/2021,Gujarat,R S,Engineering,15.5,75.7
423,3/23/2021,Andhra Pradesh,Agraharam,Legal,55.0,34.7
424,7/7/2021,Gujarat,R S,Training,23.2,35.3
425,5/16/2021,Gujarat,R S,Support,65.2,28.1
426,9/6/2021,Gujarat,R S,Sales,76.4,8.5
427,3/6/2021,Andhra Pradesh,Agraharam,Support,95.4,45.7
428,1/2/2021,Andhra Pradesh,Agraharam,Research and Development,68.9,61.9
429,1/15/2021,Gujarat,R S,Services,22.8,46.0
430,6/30/2021,Gujarat,R S,Services,45.6,13.4
431,3/18/2021,Andhra Pradesh,Agraharam,Marketing,25.2,28.1
432,3/28/2021,Andhra Pradesh,Agraharam,Product Management,35.4,77.6
433,8/17/2021,Andhra Pradesh,Agraharam,Human Resources,81.2,12.7
434,12/20/2020,Andhra Pradesh,Agraharam,Business Development,87.9,99.6
435,6/23/2021,Gujarat,R S,Training,61.1,95.2
436,12/11/2020,Andhra Pradesh,Agraharam,Human Resources,21.4,66.3
437,8/26/2021,Andhra Pradesh,Agraharam,Marketing,1.9,65.6
438,7/3/2021,Gujarat,R S,Marketing,23.4,81.4
439,11/12/2020,Andhra Pradesh,Agraharam,Training,74.0,52.3
440,5/2/2021,Gujarat,R S,Training,53.0,94.6
441,1/31/2021,Andhra Pradesh,Agraharam,Accounting,36.2,74.4
442,9/28/2020,Andhra Pradesh,Agraharam,Accounting,97.1,76.7
443,12/17/2020,Gujarat,R S,Product Management,98.1,91.6
444,2/7/2021,Andhra Pradesh,Agraharam,Services,83.6,77.8
445,6/1/2021,Andhra Pradesh,Agraharam,Marketing,1.7,74.8
446,7/17/2021,Andhra Pradesh,Agraharam,Services,52.4,96.0
447,11/30/2020,Gujarat,R S,Sales,77.7,67.7
448,12/21/2020,Gujarat,R S,Training,8.7,93.4
449,12/24/2020,Gujarat,R S,Human Resources,34.4,94.2
450,12/15/2020,Gujarat,R S,Legal,66.2,92.0
451,11/8/2020,Andhra Pradesh,Agraharam,Research and Development,61.3,48.4
452,10/26/2020,Gujarat,R S,Training,9.1,23.4
453,6/1/2021,Andhra Pradesh,Agraharam,Services,92.3,9.1
454,1/13/2021,Gujarat,R S,Sales,38.7,7.1
455,4/28/2021,Gujarat,R S,Legal,81.3,93.0
456,9/23/2020,Andhra Pradesh,Agraharam,Accounting,84.0,66.1
457,2/6/2021,Andhra Pradesh,Agraharam,Human Resources,57.2,31.5
458,3/1/2021,Andhra Pradesh,Agraharam,Legal,51.8,18.6
459,9/22/2020,Gujarat,R S,Legal,59.8,72.5
460,5/7/2021,Gujarat,R S,Business Development,58.3,95.1
461,9/1/2021,Gujarat,R S,Accounting,69.8,60.1
462,11/29/2020,Andhra Pradesh,Agraharam,Product Management,84.7,15.1
463,3/2/2021,Gujarat,R S,Training,54.8,72.3
464,10/14/2020,Andhra Pradesh,Agraharam,Legal,52.6,15.7
465,4/19/2021,Gujarat,R S,Product Management,59.8,41.3
466,11/23/2020,Andhra Pradesh,Agraharam,Support,46.6,37.0
467,11/23/2020,Andhra Pradesh,Agraharam,Training,58.6,91.3
468,5/27/2021,Andhra Pradesh,Agraharam,Engineering,87.4,65.6
469,4/19/2021,Andhra Pradesh,Agraharam,Legal,99.5,74.1
470,2/10/2021,Gujarat,R S,Training,80.5,91.7
471,5/29/2021,Gujarat,R S,Services,65.6,66.6
472,1/16/2021,Andhra Pradesh,Agraharam,Services,74.8,21.3
473,4/25/2021,Gujarat,R S,Sales,71.9,69.1
474,11/6/2020,Gujarat,R S,Services,59.9,34.3
475,10/15/2020,Gujarat,R S,Product Management,22.8,99.1
476,3/3/2021,Gujarat,R S,Legal,59.3,46.3
477,10/14/2020,Gujarat,R S,Business Development,49.0,45.4
478,6/30/2021,Gujarat,R S,Services,7.9,33.9
479,11/26/2020,Andhra Pradesh,Agraharam,Research and Development,24.7,68.3
480,5/23/2021,Gujarat,R S,Services,21.1,46.8
481,5/24/2021,Andhra Pradesh,Agraharam,Research and Development,49.9,79.3
482,12/11/2020,Andhra Pradesh,Agraharam,Research and Development,71.6,26.1
483,2/15/2021,Andhra Pradesh,Agraharam,Accounting,30.7,18.1
484,1/26/2021,Andhra Pradesh,Agraharam,Support,30.0,91.1
485,7/25/2021,Gujarat,R S,Research and Development,26.5,31.8
486,12/29/2020,Gujarat,R S,Product Management,77.1,11.7
487,9/29/2020,Gujarat,R S,Support,77.6,32.1
488,12/2/2020,Gujarat,R S,Business Development,4.4,63.9
489,10/25/2020,Gujarat,R S,Services,90.7,24.7
490,10/9/2020,Andhra Pradesh,Agraharam,Research and Development,91.2,80.0
491,8/7/2021,Gujarat,R S,Support,66.1,65.9
492,1/24/2021,Andhra Pradesh,Agraharam,Research and Development,49.0,82.2
493,2/21/2021,Gujarat,R S,Engineering,21.9,16.3
494,4/7/2021,Gujarat,R S,Legal,50.0,27.6
495,7/9/2021,Andhra Pradesh,Agraharam,Human Resources,70.1,48.7
496,11/15/2020,Gujarat,R S,Services,55.1,54.4
497,5/19/2021,Andhra Pradesh,Agraharam,Business Development,67.4,41.7
498,10/12/2020,Andhra Pradesh,Agraharam,Legal,27.0,1.7
499,1/25/2021,Andhra Pradesh,Agraharam,Human Resources,10.1,16.7
500,10/22/2020,Andhra Pradesh,Agraharam,Support,20.6,1.7
501,1/13/2021,Andhra Pradesh,Agraharam,Accounting,77.7,90.1
502,7/17/2021,Gujarat,R S,Services,6.9,74.0
503,10/30/2020,Andhra Pradesh,Agraharam,Legal,81.6,47.6
504,11/8/2020,Andhra Pradesh,Agraharam,Sales,12.5,19.3
505,8/24/2021,Gujarat,R S,Human Resources,22.4,5.6
506,9/10/2021,Gujarat,R S,Sales,97.2,65.5
507,5/26/2021,Gujarat,R S,Training,99.6,31.3
508,11/5/2020,Andhra Pradesh,Agraharam,Legal,14.3,43.5
509,9/15/2021,Andhra Pradesh,Agraharam,Business Development,74.3,21.5
510,11/22/2020,Andhra Pradesh,Agraharam,Human Resources,59.8,36.4
511,1/26/2021,Gujarat,R S,Training,39.6,82.8
512,9/23/2020,Gujarat,R S,Business Development,26.1,92.5
513,2/14/2021,Andhra Pradesh,Agraharam,Services,70.8,12.5
514,12/30/2020,Gujarat,R S,Business Development,5.6,14.8
515,11/24/2020,Andhra Pradesh,Agraharam,Training,12.2,77.4
516,6/22/2021,Andhra Pradesh,Agraharam,Research and Development,10.9,72.8
517,5/10/2021,Gujarat,R S,Research and Development,57.1,99.5
518,12/25/2020,Andhra Pradesh,Agraharam,Research and Development,49.7,80.7
519,10/27/2020,Gujarat,R S,Services,46.4,74.0
520,3/17/2021,Gujarat,R S,Business Development,36.5,3.2
521,5/22/2021,Gujarat,R S,Research and Development,74.0,5.3
522,6/21/2021,Gujarat,R S,Services,72.9,24.8
523,10/12/2020,Andhra Pradesh,Agraharam,Accounting,91.4,42.4
524,3/29/2021,Andhra Pradesh,Agraharam,Sales,23.0,49.3
525,12/24/2020,Gujarat,R S,Product Management,73.6,28.0
526,7/25/2021,Gujarat,R S,Human Resources,28.8,45.8
527,8/8/2021,Gujarat,R S,Legal,52.6,9.6
528,1/4/2021,Andhra Pradesh,Agraharam,Product Management,64.6,55.0
529,4/13/2021,Andhra Pradesh,Agraharam,Product Management,12.9,12.5
530,12/23/2020,Gujarat,R S,Engineering,89.2,34.2
531,4/1/2021,Gujarat,R S,Legal,81.0,88.4
532,9/7/2021,Andhra Pradesh,Agraharam,Legal,29.4,25.0
533,4/9/2021,Andhra Pradesh,Agraharam,Business Development,86.7,63.3
534,8/4/2021,Gujarat,R S,Accounting,44.1,1.9
535,7/2/2021,Andhra Pradesh,Agraharam,Sales,94.8,21.3
536,6/1/2021,Gujarat,R S,Product Management,80.1,72.2
537,9/20/2020,Gujarat,R S,Product Management,35.5,87.6
538,12/29/2020,Gujarat,R S,Accounting,97.2,17.6
539,11/3/2020,Gujarat,R S,Business Development,25.3,98.7
540,4/16/2021,Gujarat,R S,Human Resources,95.7,73.0
541,8/21/2021,Gujarat,R S,Business Development,62.6,33.2
542,1/3/2021,Gujarat,R S,Sales,81.0,17.1
543,12/3/2020,Andhra Pradesh,Agraharam,Marketing,37.4,34.8
544,5/29/2021,Andhra Pradesh,Agraharam,Support,72.7,2.1
545,1/25/2021,Gujarat,R S,Legal,82.3,8.4
546,6/26/2021,Andhra Pradesh,Agraharam,Legal,17.6,61.8
547,9/13/2021,Andhra Pradesh,Agraharam,Marketing,51.4,26.7
548,10/2/2020,Gujarat,R S,Business Development,80.4,17.6
549,8/26/2021,Gujarat,R S,Services,39.8,76.4
550,10/6/2020,Gujarat,R S,Training,73.2,55.7
551,12/5/2020,Gujarat,R S,Services,69.9,78.6
552,1/18/2021,Andhra Pradesh,Agraharam,Product Management,2.9,43.2
553,7/3/2021,Andhra Pradesh,Agraharam,Engineering,9.9,18.1
554,11/27/2020,Gujarat,R S,Marketing,53.5,39.7
555,7/18/2021,Gujarat,R S,Sales,29.5,63.9
556,7/23/2021,Gujarat,R S,Engineering,13.2,88.1
557,1/22/2021,Gujarat,R S,Product Management,4.5,79.0
558,4/17/2021,Gujarat,R S,Product Management,63.2,50.9
559,6/1/2021,Andhra Pradesh,Agraharam,Support,81.4,38.6
560,4/28/2021,Andhra Pradesh,Agraharam,Marketing,96.2,57.3
561,10/2/2020,Andhra Pradesh,Agraharam,Engineering,62.9,1.4
562,1/11/2021,Andhra Pradesh,Agraharam,Human Resources,45.5,77.5
563,7/26/2021,Gujarat,R S,Business Development,10.4,73.8
564,5/25/2021,Andhra Pradesh,Agraharam,Training,76.8,49.1
565,2/21/2021,Andhra Pradesh,Agraharam,Support,11.6,84.0
566,7/6/2021,Gujarat,R S,Research and Development,8.2,50.5
567,2/10/2021,Gujarat,R S,Research and Development,88.5,7.7
568,2/10/2021,Andhra Pradesh,Agraharam,Marketing,54.8,78.7
569,7/12/2021,Gujarat,R S,Services,7.1,35.2
570,6/10/2021,Gujarat,R S,Services,3.7,76.6
571,10/19/2020,Gujarat,R S,Services,56.7,38.4
572,1/24/2021,Gujarat,R S,Product Management,76.8,63.9
573,11/27/2020,Gujarat,R S,Product Management,63.7,68.5
574,12/1/2020,Gujarat,R S,Legal,67.4,2.7
575,6/1/2021,Andhra Pradesh,Agraharam,Legal,62.4,93.5
576,6/17/2021,Andhra Pradesh,Agraharam,Marketing,57.0,92.5
577,10/2/2020,Gujarat,R S,Business Development,56.8,76.5
578,11/7/2020,Gujarat,R S,Legal,32.2,4.0
579,3/6/2021,Gujarat,R S,Legal,25.7,95.9
580,12/22/2020,Gujarat,R S,Engineering,2.6,24.4
581,7/31/2021,Gujarat,R S,Services,4.6,89.8
582,2/1/2021,Andhra Pradesh,Agraharam,Training,22.1,71.3
583,3/25/2021,Gujarat,R S,Support,16.5,33.3
584,4/11/2021,Gujarat,R S,Accounting,92.9,2.7
585,11/3/2020,Andhra Pradesh,Agraharam,Sales,51.9,51.3
586,5/22/2021,Andhra Pradesh,Agraharam,Training,68.5,94.5
587,4/18/2021,Gujarat,R S,Business Development,32.4,36.9
588,8/15/2021,Andhra Pradesh,Agraharam,Sales,10.8,31.2
589,8/13/2021,Andhra Pradesh,Agraharam,Accounting,94.6,9.7
590,7/15/2021,Gujarat,R S,Marketing,18.3,59.9
591,5/20/2021,Andhra Pradesh,Agraharam,Research and Development,69.7,27.4
592,7/18/2021,Gujarat,R S,Legal,37.7,5.4
593,2/10/2021,Gujarat,R S,Human Resources,8.3,90.1
594,4/25/2021,Gujarat,R S,Business Development,76.2,49.2
595,8/9/2021,Gujarat,R S,Product Management,10.7,61.2
596,8/3/2021,Andhra Pradesh,Agraharam,Product Management,61.0,63.3
597,8/24/2021,Andhra Pradesh,Agraharam,Training,61.9,62.5
598,6/29/2021,Gujarat,R S,Business Development,38.7,37.0
599,5/7/2021,Andhra Pradesh,Agraharam,Legal,17.8,25.7
600,5/7/2021,Gujarat,R S,Human Resources,32.6,51.6
601,6/13/2021,Andhra Pradesh,Agraharam,Marketing,83.7,32.0
602,9/24/2020,Gujarat,R S,Research and Development,3.5,57.8
603,1/29/2021,Gujarat,R S,Services,38.2,71.6
604,1/30/2021,Andhra Pradesh,Agraharam,Support,43.2,56.2
605,8/19/2021,Andhra Pradesh,Agraharam,Engineering,39.1,32.1
606,4/16/2021,Gujarat,R S,Marketing,36.9,54.1
607,10/22/2020,Gujarat,R S,Product Management,51.8,57.9
608,3/12/2021,Andhra Pradesh,Agraharam,Human Resources,69.4,23.0
609,10/17/2020,Gujarat,R S,Support,22.0,28.2
610,7/5/2021,Andhra Pradesh,Agraharam,Accounting,62.1,64.0
611,9/2/2021,Andhra Pradesh,Agraharam,Product Management,22.4,63.9
612,8/11/2021,Gujarat,R S,Marketing,27.2,39.6
613,10/28/2020,Andhra Pradesh,Agraharam,Product Management,66.6,56.4
614,11/19/2020,Andhra Pradesh,Agraharam,Marketing,82.3,43.9
615,7/3/2021,Andhra Pradesh,Agraharam,Research and Development,52.8,37.0
616,10/16/2020,Gujarat,R S,Legal,50.4,44.3
617,5/9/2021,Andhra Pradesh,Agraharam,Training,9.4,4.1
618,2/27/2021,Andhra Pradesh,Agraharam,Accounting,1.9,56.3
619,2/10/2021,Andhra Pradesh,Agraharam,Business Development,50.9,54.7
620,7/9/2021,Andhra Pradesh,Agraharam,Product Management,79.1,93.5
621,11/26/2020,Andhra Pradesh,Agraharam,Business Development,59.3,34.1
622,4/10/2021,Gujarat,R S,Engineering,90.3,79.9
623,4/8/2021,Gujarat,R S,Product Management,45.6,10.8
624,2/22/2021,Gujarat,R S,Accounting,72.7,13.9
625,6/17/2021,Andhra Pradesh,Agraharam,Research and Development,12.7,93.2
626,7/13/2021,Gujarat,R S,Marketing,28.9,28.0
627,12/6/2020,Andhra Pradesh,Agraharam,Services,89.8,41.4
628,1/26/2021,Gujarat,R S,Human Resources,56.4,22.2
629,4/14/2021,Andhra Pradesh,Agraharam,Training,27.6,31.7
630,9/1/2021,Andhra Pradesh,Agraharam,Marketing,59.6,55.9
631,8/15/2021,Andhra Pradesh,Agraharam,Research and Development,71.7,53.7
632,9/10/2021,Gujarat,R S,Training,30.4,69.4
633,7/9/2021,Andhra Pradesh,Agraharam,Human Resources,93.2,96.8
634,9/6/2021,Gujarat,R S,Accounting,51.0,33.3
635,6/6/2021,Gujarat,R S,Support,35.8,49.8
636,12/26/2020,Gujarat,R S,Services,20.5,71.5
637,3/3/2021,Andhra Pradesh,Agraharam,Support,93.7,41.1
638,11/27/2020,Andhra Pradesh,Agraharam,Engineering,18.1,38.4
639,4/29/2021,Gujarat,R S,Legal,34.2,97.9
640,8/23/2021,Gujarat,R S,Accounting,1.4,33.2
641,12/10/2020,Gujarat,R S,Training,42.9,85.2
642,1/21/2021,Andhra Pradesh,Agraharam,Training,73.7,83.5
643,3/11/2021,Gujarat,R S,Training,41.0,63.3
644,12/27/2020,Andhra Pradesh,Agraharam,Sales,77.8,96.5
645,2/20/2021,Andhra Pradesh,Agraharam,Training,48.6,52.4
646,7/18/2021,Gujarat,R S,Legal,25.3,45.8
647,12/15/2020,Andhra Pradesh,Agraharam,Sales,57.4,98.3
648,7/3/2021,Gujarat,R S,Support,62.3,93.2
649,7/26/2021,Gujarat,R S,Human Resources,50.0,83.5
650,11/6/2020,Andhra Pradesh,Agraharam,Marketing,90.9,7.3
651,8/17/2021,Gujarat,R S,Sales,93.7,30.5
652,7/11/2021,Gujarat,R S,Support,17.5,89.1
653,12/15/2020,Gujarat,R S,Research and Development,20.5,19.6
654,7/3/2021,Andhra Pradesh,Agraharam,Business Development,83.2,80.6
655,6/17/2021,Andhra Pradesh,Agraharam,Business Development,63.7,51.6
656,2/11/2021,Gujarat,R S,Sales,44.6,15.6
657,2/21/2021,Andhra Pradesh,Agraharam,Human Resources,1.8,74.2
658,2/3/2021,Andhra Pradesh,Agraharam,Marketing,67.2,32.0
659,9/20/2021,Gujarat,R S,Business Development,19.9,26.3
660,7/17/2021,Gujarat,R S,Engineering,53.2,64.0
661,3/20/2021,Gujarat,R S,Support,95.2,84.7
662,5/13/2021,Andhra Pradesh,Agraharam,Business Development,54.3,78.5
663,12/14/2020,Gujarat,R S,Services,21.8,20.0
664,9/17/2021,Gujarat,R S,Business Development,85.3,97.0
665,2/26/2021,Andhra Pradesh,Agraharam,Training,23.7,3.8
666,4/11/2021,Gujarat,R S,Human Resources,7.4,98.2
667,8/18/2021,Andhra Pradesh,Agraharam,Business Development,6.0,24.5
668,8/17/2021,Gujarat,R S,Engineering,57.3,91.5
669,8/12/2021,Andhra Pradesh,Agraharam,Human Resources,43.9,59.0
670,6/9/2021,Andhra Pradesh,Agraharam,Product Management,27.2,86.4
671,5/7/2021,Andhra Pradesh,Agraharam,Business Development,53.2,35.7
672,6/24/2021,Andhra Pradesh,Agraharam,Marketing,72.4,37.2
673,4/19/2021,Gujarat,R S,Legal,43.5,35.9
674,12/8/2020,Gujarat,R S,Business Development,42.6,65.3
675,12/13/2020,Gujarat,R S,Research and Development,80.1,93.1
676,12/7/2020,Andhra Pradesh,Agraharam,Services,74.9,47.2
677,8/2/2021,Gujarat,R S,Services,87.4,44.5
678,1/17/2021,Gujarat,R S,Business Development,26.5,62.4
679,1/22/2021,Andhra Pradesh,Agraharam,Training,85.2,94.4
680,6/18/2021,Andhra Pradesh,Agraharam,Product Management,46.0,14.9
681,6/24/2021,Gujarat,R S,Legal,18.1,33.6
682,5/11/2021,Gujarat,R S,Human Resources,69.6,75.9
683,7/4/2021,Andhra Pradesh,Agraharam,Business Development,1.7,43.4
684,5/15/2021,Gujarat,R S,Human Resources,96.5,61.6
685,3/5/2021,Gujarat,R S,Training,68.2,75.1
686,11/23/2020,Gujarat,R S,Engineering,87.5,76.1
687,10/2/2020,Gujarat,R S,Services,18.9,24.0
688,2/21/2021,Andhra Pradesh,Agraharam,Services,11.8,43.3
689,11/3/2020,Andhra Pradesh,Agraharam,Accounting,33.2,72.2
690,8/20/2021,Andhra Pradesh,Agraharam,Product Management,96.6,11.7
691,2/27/2021,Gujarat,R S,Accounting,10.5,80.1
692,10/17/2020,Andhra Pradesh,Agraharam,Business Development,40.5,57.8
693,1/26/2021,Andhra Pradesh,Agraharam,Human Resources,6.9,26.5
694,12/13/2020,Gujarat,R S,Support,60.1,34.3
695,4/5/2021,Andhra Pradesh,Agraharam,Research and Development,91.2,84.2
696,12/10/2020,Gujarat,R S,Business Development,54.6,59.4
697,5/8/2021,Andhra Pradesh,Agraharam,Marketing,90.1,52.9
698,6/4/2021,Andhra Pradesh,Agraharam,Engineering,77.3,30.9
699,8/7/2021,Andhra Pradesh,Agraharam,Services,41.2,97.6
700,2/9/2021,Gujarat,R S,Accounting,19.4,34.4
701,3/31/2021,Gujarat,R S,Business Development,60.7,22.6
702,11/8/2020,Gujarat,R S,Research and Development,82.3,38.5
703,2/18/2021,Gujarat,R S,Services,68.9,88.2
704,5/31/2021,Gujarat,R S,Legal,10.5,21.8
705,2/19/2021,Gujarat,R S,Research and Development,34.5,67.2
706,10/1/2020,Andhra Pradesh,Agraharam,Services,52.7,58.9
707,3/8/2021,Andhra Pradesh,Agraharam,Product Management,55.2,70.0
708,5/6/2021,Andhra Pradesh,Agraharam,Human Resources,71.3,12.2
709,9/25/2020,Gujarat,R S,Services,62.0,72.8
710,1/20/2021,Gujarat,R S,Training,76.8,15.7
711,3/24/2021,Andhra Pradesh,Agraharam,Support,39.0,91.3
712,6/22/2021,Andhra Pradesh,Agraharam,Support,55.3,71.3
713,6/23/2021,Gujarat,R S,Product Management,52.6,55.1
714,12/9/2020,Gujarat,R S,Services,24.9,24.7
715,7/19/2021,Andhra Pradesh,Agraharam,Engineering,8.7,44.8
716,12/20/2020,Gujarat,R S,Human Resources,23.0,98.8
717,7/18/2021,Andhra Pradesh,Agraharam,Research and Development,38.1,87.8
718,9/26/2020,Andhra Pradesh,Agraharam,Training,65.5,57.9
719,9/23/2020,Andhra Pradesh,Agraharam,Human Resources,39.1,50.2
720,5/19/2021,Gujarat,R S,Human Resources,41.0,50.9
721,5/18/2021,Andhra Pradesh,Agraharam,Marketing,8.6,18.2
722,2/15/2021,Gujarat,R S,Services,16.4,60.8
723,11/20/2020,Gujarat,R S,Legal,50.9,22.6
724,4/5/2021,Andhra Pradesh,Agraharam,Support,55.6,29.6
725,5/3/2021,Gujarat,R S,Support,99.9,82.7
726,12/28/2020,Andhra Pradesh,Agraharam,Services,81.4,67.9
727,6/1/2021,Gujarat,R S,Training,61.4,96.1
728,11/10/2020,Gujarat,R S,Services,51.5,21.4
729,6/20/2021,Andhra Pradesh,Agraharam,Legal,53.1,41.3
730,7/14/2021,Andhra Pradesh,Agraharam,Sales,3.3,4.1
731,11/7/2020,Gujarat,R S,Legal,53.3,26.4
732,1/24/2021,Andhra Pradesh,Agraharam,Legal,26.2,82.5
733,4/2/2021,Gujarat,R S,Training,48.0,12.2
734,4/3/2021,Gujarat,R S,Engineering,66.6,31.1
735,6/27/2021,Gujarat,R S,Engineering,43.1,68.9
736,12/30/2020,Gujarat,R S,Services,63.1,71.3
737,6/15/2021,Gujarat,R S,Sales,21.1,1.2
738,11/30/2020,Gujarat,R S,Research and Development,95.6,94.0
739,9/23/2020,Andhra Pradesh,Agraharam,Support,95.6,67.8
740,5/2/2021,Gujarat,R S,Engineering,15.6,37.7
741,1/16/2021,Andhra Pradesh,Agraharam,Accounting,92.1,64.1
742,8/21/2021,Gujarat,R S,Support,71.0,97.2
743,9/20/2020,Gujarat,R S,Support,97.7,75.8
744,8/19/2021,Gujarat,R S,Research and Development,21.7,74.3
745,1/3/2021,Gujarat,R S,Engineering,47.3,77.3
746,9/16/2021,Andhra Pradesh,Agraharam,Engineering,53.1,52.9
747,1/3/2021,Gujarat,R S,Legal,35.2,24.8
748,3/20/2021,Andhra Pradesh,Agraharam,Engineering,37.9,80.4
749,5/25/2021,Gujarat,R S,Support,1.7,57.1
750,5/25/2021,Gujarat,R S,Product Management,66.4,81.5
751,8/17/2021,Gujarat,R S,Research and Development,89.0,55.0
752,2/26/2021,Gujarat,R S,Support,56.8,42.1
753,11/18/2020,Andhra Pradesh,Agraharam,Training,17.8,15.2
754,12/15/2020,Gujarat,R S,Services,64.2,44.1
755,12/13/2020,Gujarat,R S,Business Development,59.5,38.1
756,4/2/2021,Andhra Pradesh,Agraharam,Sales,21.0,71.9
757,1/20/2021,Gujarat,R S,Legal,87.4,71.9
758,7/26/2021,Andhra Pradesh,Agraharam,Training,70.0,62.4
759,5/8/2021,Andhra Pradesh,Agraharam,Product Management,75.3,53.5
760,1/28/2021,Andhra Pradesh,Agraharam,Services,13.4,74.1
761,4/4/2021,Gujarat,R S,Sales,34.1,61.6
762,7/14/2021,Gujarat,R S,Services,51.2,78.1
763,1/15/2021,Gujarat,R S,Marketing,22.2,43.1
764,6/18/2021,Gujarat,R S,Research and Development,34.0,80.3
765,1/21/2021,Gujarat,R S,Accounting,35.6,65.0
766,12/21/2020,Gujarat,R S,Training,23.3,58.3
767,9/20/2021,Gujarat,R S,Research and Development,78.4,63.4
768,6/27/2021,Andhra Pradesh,Agraharam,Product Management,38.2,16.0
769,4/7/2021,Andhra Pradesh,Agraharam,Legal,60.1,33.9
770,8/11/2021,Gujarat,R S,Engineering,59.8,5.4
771,10/14/2020,Andhra Pradesh,Agraharam,Business Development,87.1,22.9
772,4/22/2021,Gujarat,R S,Accounting,21.9,64.9
773,4/16/2021,Gujarat,R S,Services,4.3,61.7
774,1/2/2021,Gujarat,R S,Product Management,9.3,27.6
775,9/30/2020,Gujarat,R S,Marketing,84.5,51.2
776,7/1/2021,Gujarat,R S,Marketing,99.5,23.4
777,3/16/2021,Andhra Pradesh,Agraharam,Legal,68.1,35.1
778,8/14/2021,Andhra Pradesh,Agraharam,Human Resources,15.8,52.4
779,1/1/2021,Gujarat,R S,Accounting,51.2,25.3
780,6/14/2021,Gujarat,R S,Marketing,61.4,75.9
781,4/13/2021,Andhra Pradesh,Agraharam,Human Resources,47.5,81.1
782,2/8/2021,Gujarat,R S,Services,63.0,86.5
783,1/6/2021,Gujarat,R S,Business Development,58.8,5.1
784,5/26/2021,Gujarat,R S,Business Development,15.9,95.7
785,10/1/2020,Andhra Pradesh,Agraharam,Support,94.8,18.6
786,7/22/2021,Gujarat,R S,Product Management,30.6,4.0
787,10/15/2020,Gujarat,R S,Accounting,32.7,61.6
788,4/7/2021,Andhra Pradesh,Agraharam,Support,65.4,66.7
789,3/1/2021,Gujarat,R S,Sales,16.6,8.8
790,6/8/2021,Andhra Pradesh,Agraharam,Training,12.8,64.9
791,4/12/2021,Andhra Pradesh,Agraharam,Support,46.7,18.2
792,4/1/2021,Andhra Pradesh,Agraharam,Support,7.1,19.2
793,12/28/2020,Andhra Pradesh,Agraharam,Sales,48.2,38.8
794,9/11/2021,Andhra Pradesh,Agraharam,Legal,87.7,32.3
795,7/6/2021,Andhra Pradesh,Agraharam,Accounting,67.0,32.7
796,1/14/2021,Gujarat,R S,Support,10.2,18.6
797,6/15/2021,Andhra Pradesh,Agraharam,Support,59.8,91.2
798,5/14/2021,Andhra Pradesh,Agraharam,Training,21.1,82.6
799,3/30/2021,Andhra Pradesh,Agraharam,Engineering,6.8,46.0
800,8/9/2021,Andhra Pradesh,Agraharam,Accounting,7.8,80.1
801,5/22/2021,Andhra Pradesh,Agraharam,Business Development,96.5,56.4
802,1/31/2021,Gujarat,R S,Research and Development,15.1,76.0
803,4/24/2021,Andhra Pradesh,Agraharam,Services,42.4,4.9
804,3/25/2021,Gujarat,R S,Business Development,10.8,31.8
805,9/11/2021,Andhra Pradesh,Agraharam,Training,69.6,20.6
806,3/10/2021,Andhra Pradesh,Agraharam,Human Resources,56.9,33.1
807,2/14/2021,Andhra Pradesh,Agraharam,Engineering,66.4,29.9
808,3/22/2021,Andhra Pradesh,Agraharam,Accounting,41.5,53.0
809,9/22/2020,Andhra Pradesh,Agraharam,Services,28.6,63.7
810,5/24/2021,Gujarat,R S,Support,38.9,67.0
811,2/26/2021,Andhra Pradesh,Agraharam,Sales,98.1,72.3
812,6/21/2021,Gujarat,R S,Business Development,94.4,12.7
813,10/12/2020,Andhra Pradesh,Agraharam,Services,60.5,46.3
814,2/26/2021,Gujarat,R S,Training,16.9,34.5
815,11/9/2020,Andhra Pradesh,Agraharam,Legal,48.8,83.0
816,2/1/2021,Andhra Pradesh,Agraharam,Product Management,91.6,72.3
817,10/6/2020,Andhra Pradesh,Agraharam,Legal,52.3,38.0
818,11/26/2020,Gujarat,R S,Support,12.8,85.7
819,12/27/2020,Gujarat,R S,Human Resources,31.4,82.9
820,5/7/2021,Gujarat,R S,Human Resources,70.7,77.9
821,5/31/2021,Andhra Pradesh,Agraharam,Legal,77.6,21.6
822,6/3/2021,Gujarat,R S,Sales,43.5,14.9
823,11/30/2020,Gujarat,R S,Business Development,28.2,16.7
824,5/30/2021,Gujarat,R S,Sales,92.2,47.2
825,11/19/2020,Gujarat,R S,Training,90.0,42.6
826,6/27/2021,Andhra Pradesh,Agraharam,Services,3.3,89.4
827,1/24/2021,Andhra Pradesh,Agraharam,Accounting,7.7,13.2
828,11/16/2020,Andhra Pradesh,Agraharam,Accounting,45.0,95.6
829,5/8/2021,Gujarat,R S,Legal,20.5,65.1
830,11/4/2020,Andhra Pradesh,Agraharam,Research and Development,94.9,22.9
831,1/10/2021,Gujarat,R S,Legal,88.5,62.0
832,5/19/2021,Andhra Pradesh,Agraharam,Marketing,29.0,30.4
833,2/19/2021,Andhra Pradesh,Agraharam,Product Management,77.2,24.9
834,12/25/2020,Andhra Pradesh,Agraharam,Support,71.0,61.5
835,5/30/2021,Andhra Pradesh,Agraharam,Legal,75.3,18.6
836,3/7/2021,Gujarat,R S,Product Management,77.9,38.0
837,7/21/2021,Andhra Pradesh,Agraharam,Product Management,98.2,33.0
838,6/1/2021,Gujarat,R S,Human Resources,5.9,17.8
839,1/31/2021,Andhra Pradesh,Agraharam,Training,10.7,77.9
840,6/25/2021,Gujarat,R S,Support,39.6,22.1
841,11/16/2020,Gujarat,R S,Product Management,59.3,94.0
842,6/12/2021,Gujarat,R S,Support,48.1,7.4
843,12/3/2020,Gujarat,R S,Research and Development,50.6,26.4
844,11/19/2020,Andhra Pradesh,Agraharam,Sales,78.7,48.2
845,3/21/2021,Gujarat,R S,Legal,98.4,19.7
846,2/7/2021,Andhra Pradesh,Agraharam,Support,58.0,76.0
847,8/4/2021,Andhra Pradesh,Agraharam,Marketing,83.7,44.1
848,6/7/2021,Gujarat,R S,Training,42.0,45.1
849,5/19/2021,Andhra Pradesh,Agraharam,Marketing,50.1,90.9
850,2/6/2021,Andhra Pradesh,Agraharam,Accounting,87.9,41.8
851,8/25/2021,Gujarat,R S,Accounting,39.5,38.9
852,2/9/2021,Gujarat,R S,Legal,82.0,84.7
853,5/5/2021,Andhra Pradesh,Agraharam,Services,12.8,75.9
854,9/29/2020,Andhra Pradesh,Agraharam,Product Management,17.4,17.3
855,4/9/2021,Andhra Pradesh,Agraharam,Engineering,3.6,82.8
856,10/29/2020,Gujarat,R S,Business Development,32.7,51.6
857,8/25/2021,Andhra Pradesh,Agraharam,Legal,52.8,31.7
858,1/10/2021,Gujarat,R S,Engineering,77.7,49.1
859,11/1/2020,Andhra Pradesh,Agraharam,Human Resources,24.8,55.5
860,7/6/2021,Gujarat,R S,Product Management,90.4,31.9
861,2/16/2021,Gujarat,R S,Research and Development,67.9,79.0
862,9/20/2020,Andhra Pradesh,Agraharam,Human Resources,93.6,97.6
863,1/29/2021,Andhra Pradesh,Agraharam,Services,44.4,61.2
864,8/12/2021,Andhra Pradesh,Agraharam,Marketing,46.9,46.3
865,2/17/2021,Gujarat,R S,Product Management,61.7,97.3
866,9/17/2021,Gujarat,R S,Business Development,82.1,4.0
867,1/2/2021,Gujarat,R S,Services,34.4,55.4
868,3/31/2021,Andhra Pradesh,Agraharam,Training,86.2,24.4
869,10/21/2020,Gujarat,R S,Services,84.4,32.2
870,11/3/2020,Gujarat,R S,Support,43.2,10.4
871,12/18/2020,Gujarat,R S,Product Management,42.6,22.6
872,3/17/2021,Andhra Pradesh,Agraharam,Product Management,70.9,61.4
873,6/29/2021,Gujarat,R S,Human Resources,36.7,28.1
874,2/5/2021,Gujarat,R S,Training,49.3,39.7
875,10/13/2020,Andhra Pradesh,Agraharam,Product Management,29.6,81.2
876,5/31/2021,Andhra Pradesh,Agraharam,Product Management,17.9,4.5
877,8/26/2021,Gujarat,R S,Product Management,96.3,95.8
878,9/21/2020,Gujarat,R S,Sales,29.5,91.1
879,11/16/2020,Gujarat,R S,Business Development,70.2,62.1
880,12/20/2020,Andhra Pradesh,Agraharam,Research and Development,53.1,41.0
881,7/22/2021,Andhra Pradesh,Agraharam,Engineering,96.6,79.4
882,9/27/2020,Gujarat,R S,Engineering,48.9,35.5
883,5/6/2021,Gujarat,R S,Support,69.5,27.6
884,11/19/2020,Gujarat,R S,Accounting,44.5,23.3
885,8/8/2021,Andhra Pradesh,Agraharam,Legal,62.4,93.4
886,6/26/2021,Gujarat,R S,Business Development,41.8,98.9
887,12/8/2020,Andhra Pradesh,Agraharam,Human Resources,52.7,77.3
888,3/4/2021,Gujarat,R S,Marketing,57.1,9.9
889,9/23/2020,Andhra Pradesh,Agraharam,Legal,44.0,47.3
890,8/31/2021,Andhra Pradesh,Agraharam,Product Management,85.3,4.0
891,6/2/2021,Gujarat,R S,Marketing,23.7,17.0
892,10/25/2020,Andhra Pradesh,Agraharam,Services,85.3,99.2
893,3/25/2021,Andhra Pradesh,Agraharam,Support,23.3,54.1
894,5/28/2021,Andhra Pradesh,Agraharam,Sales,50.7,74.5
895,3/19/2021,Andhra Pradesh,Agraharam,Product Management,61.9,23.1
896,12/26/2020,Gujarat,R S,Business Development,63.4,80.8
897,1/7/2021,Gujarat,R S,Research and Development,96.7,93.6
898,12/23/2020,Andhra Pradesh,Agraharam,Services,38.1,66.6
899,2/12/2021,Andhra Pradesh,Agraharam,Sales,21.2,64.4
900,2/21/2021,Gujarat,R S,Business Development,59.3,80.8
901,9/1/2021,Gujarat,R S,Marketing,93.9,84.3
902,10/13/2020,Andhra Pradesh,Agraharam,Support,20.2,35.9
903,11/6/2020,Andhra Pradesh,Agraharam,Support,74.4,83.8
904,4/24/2021,Andhra Pradesh,Agraharam,Product Management,50.9,80.1
905,6/8/2021,Andhra Pradesh,Agraharam,Human Resources,29.1,27.2
906,7/28/2021,Andhra Pradesh,Agraharam,Business Development,60.0,55.4
907,4/18/2021,Gujarat,R S,Legal,29.0,85.0
908,11/17/2020,Andhra Pradesh,Agraharam,Legal,22.2,43.8
909,1/30/2021,Gujarat,R S,Support,15.0,87.4
910,2/12/2021,Andhra Pradesh,Agraharam,Services,21.8,63.9
911,7/20/2021,Andhra Pradesh,Agraharam,Engineering,57.2,66.0
912,11/2/2020,Andhra Pradesh,Agraharam,Research and Development,72.4,96.7
913,7/5/2021,Andhra Pradesh,Agraharam,Accounting,73.8,13.2
914,4/24/2021,Andhra Pradesh,Agraharam,Marketing,69.4,27.0
915,7/16/2021,Gujarat,R S,Marketing,75.5,87.3
916,3/7/2021,Gujarat,R S,Services,54.7,1.7
917,5/17/2021,Gujarat,R S,Engineering,50.9,55.9
918,10/13/2020,Andhra Pradesh,Agraharam,Engineering,97.2,8.7
919,11/23/2020,Gujarat,R S,Human Resources,30.3,27.2
920,5/22/2021,Andhra Pradesh,Agraharam,Training,24.0,18.0
921,1/29/2021,Gujarat,R S,Legal,24.4,73.5
922,9/5/2021,Andhra Pradesh,Agraharam,Marketing,71.6,64.7
923,6/6/2021,Andhra Pradesh,Agraharam,Human Resources,51.7,62.9
924,5/15/2021,Andhra Pradesh,Agraharam,Accounting,87.2,11.9
925,9/22/2020,Gujarat,R S,Sales,4.6,90.6
926,1/9/2021,Gujarat,R S,Legal,17.8,91.8
927,6/1/2021,Andhra Pradesh,Agraharam,Legal,32.7,39.5
928,2/26/2021,Andhra Pradesh,Agraharam,Accounting,66.0,42.5
929,2/19/2021,Gujarat,R S,Engineering,87.1,23.0
930,1/23/2021,Andhra Pradesh,Agraharam,Support,8.0,30.9
931,11/6/2020,Gujarat,R S,Human Resources,2.2,87.0
932,12/3/2020,Gujarat,R S,Business Development,2.1,54.2
933,12/13/2020,Gujarat,R S,Human Resources,32.3,37.6
934,2/18/2021,Gujarat,R S,Human Resources,22.6,54.7
935,4/23/2021,Gujarat,R S,Human Resources,73.0,63.1
936,2/6/2021,Gujarat,R S,Human Resources,1.8,65.4
937,11/30/2020,Andhra Pradesh,Agraharam,Business Development,45.4,24.5
938,11/21/2020,Andhra Pradesh,Agraharam,Training,2.8,27.2
939,2/25/2021,Gujarat,R S,Legal,72.7,26.5
940,9/14/2021,Andhra Pradesh,Agraharam,Sales,72.2,19.9
941,11/4/2020,Gujarat,R S,Product Management,22.0,66.0
942,9/2/2021,Gujarat,R S,Training,74.9,75.5
943,8/18/2021,Gujarat,R S,Services,9.3,12.8
944,7/19/2021,Andhra Pradesh,Agraharam,Services,44.6,23.8
945,4/6/2021,Gujarat,R S,Product Management,82.7,68.2
946,10/28/2020,Gujarat,R S,Business Development,61.3,35.3
947,6/16/2021,Andhra Pradesh,Agraharam,Research and Development,32.6,28.2
948,10/8/2020,Gujarat,R S,Engineering,20.9,16.0
949,6/11/2021,Gujarat,R S,Services,81.8,64.8
950,5/13/2021,Gujarat,R S,Business Development,48.3,38.9
951,8/8/2021,Gujarat,R S,Business Development,54.2,40.6
952,7/9/2021,Andhra Pradesh,Agraharam,Training,21.6,43.6
953,2/25/2021,Andhra Pradesh,Agraharam,Accounting,22.6,94.0
954,1/29/2021,Gujarat,R S,Product Management,54.5,66.2
955,9/3/2021,Gujarat,R S,Marketing,38.5,44.4
956,6/18/2021,Gujarat,R S,Training,92.6,68.9
957,8/25/2021,Andhra Pradesh,Agraharam,Support,19.9,47.4
958,4/19/2021,Andhra Pradesh,Agraharam,Product Management,86.3,55.4
959,7/11/2021,Gujarat,R S,Product Management,78.8,22.9
960,10/3/2020,Andhra Pradesh,Agraharam,Product Management,8.5,32.9
961,1/31/2021,Andhra Pradesh,Agraharam,Services,18.8,3.6
962,5/25/2021,Gujarat,R S,Training,93.7,54.0
963,2/2/2021,Gujarat,R S,Product Management,77.1,35.7
964,6/18/2021,Gujarat,R S,Services,63.7,1.2
965,3/10/2021,Andhra Pradesh,Agraharam,Business Development,63.5,96.7
966,5/28/2021,Andhra Pradesh,Agraharam,Human Resources,30.1,82.8
967,3/4/2021,Gujarat,R S,Product Management,4.1,31.5
968,4/1/2021,Andhra Pradesh,Agraharam,Marketing,82.4,87.0
969,1/23/2021,Gujarat,R S,Business Development,11.3,36.8
970,12/29/2020,Gujarat,R S,Services,43.4,4.8
971,10/13/2020,Gujarat,R S,Business Development,31.1,37.1
972,10/28/2020,Gujarat,R S,Human Resources,95.3,25.2
973,8/23/2021,Andhra Pradesh,Agraharam,Marketing,39.2,88.6
974,1/12/2021,Gujarat,R S,Business Development,54.8,20.8
975,4/15/2021,Andhra Pradesh,Agraharam,Services,83.8,84.6
976,5/13/2021,Gujarat,R S,Research and Development,15.6,46.0
977,11/25/2020,Gujarat,R S,Research and Development,38.8,45.7
978,8/7/2021,Andhra Pradesh,Agraharam,Sales,52.4,58.3
979,3/13/2021,Andhra Pradesh,Agraharam,Legal,65.1,99.4
980,10/10/2020,Andhra Pradesh,Agraharam,Accounting,89.3,86.1
981,10/8/2020,Andhra Pradesh,Agraharam,Legal,27.4,54.6
982,4/29/2021,Gujarat,R S,Accounting,22.7,76.8
983,4/11/2021,Andhra Pradesh,Agraharam,Training,80.3,22.6
984,1/18/2021,Gujarat,R S,Legal,69.5,7.6
985,10/2/2020,Andhra Pradesh,Agraharam,Support,92.7,80.2
986,1/29/2021,Andhra Pradesh,Agraharam,Engineering,39.7,81.2
987,1/29/2021,Andhra Pradesh,Agraharam,Sales,87.0,24.0
988,10/17/2020,Gujarat,R S,Product Management,63.1,3.8
989,1/24/2021,Gujarat,R S,Human Resources,38.9,42.2
990,4/13/2021,Andhra Pradesh,Agraharam,Engineering,40.8,32.5
991,8/26/2021,Andhra Pradesh,Agraharam,Legal,29.2,83.4
992,3/10/2021,Gujarat,R S,Services,6.5,22.3
993,1/26/2021,Andhra Pradesh,Agraharam,Support,25.1,84.4
994,10/28/2020,Gujarat,R S,Product Management,58.7,88.2
995,9/28/2020,Gujarat,R S,Accounting,41.4,34.2
996,2/1/2021,Andhra Pradesh,Agraharam,Marketing,50.6,60.9
997,1/5/2021,Gujarat,R S,Services,73.2,43.6
998,12/30/2020,Andhra Pradesh,Agraharam,Accounting,27.9,85.5
999,6/4/2021,Gujarat,R S,Engineering,37.1,36.1
1000,11/30/2020,Gujarat,R S,Training,43.0,41.3
